{
  "epoch": 4,
  "best_metrics": {
    "best_similarity": 0.05859794097642759,
    "best_quality": 0.7606666666666666,
    "best_confidence": 0.046666666666666634,
    "best_epoch": 4
  },
  "config": {
    "temperature": 3,
    "alpha": 0.7,
    "beta": 0.3,
    "gamma": 0.1,
    "learning_rate": 0.0001,
    "epochs": 5,
    "batch_size": 4,
    "save_interval": 5,
    "eval_interval": 2
  },
  "timestamp": "2025-11-25T23:15:15.362813"
}